Question,Answer
Who is the Head of ICT Department at Marwadi University?,The Head of Department (HOD) for ICT at Marwadi University is DR Arjav Bavarva.
How can I contact the ICT department at Marwadi University?,"You can contact the ICT department via mobile: +91 98244 16484, +91 95740 67299, or +91 95742 19380."
Where is the ICT department located?,"The ICT department is at Marwadi University, Rajkot-Morbi Highway Road, Gauridad, Rajkot-360003, Gujarat."
What is ICT Engineering?,"ICT Engineering is the study of technologies that combine software, hardware, communication systems, and data to build intelligent digital solutions."
Is ICT a good course to pursue?,"Yes! ICT is in high demand due to advancements in AI, cloud computing, IoT, and cybersecurity. It prepares you for future-ready careers."
What subjects will I study in the first year of ICT?,"Subjects include basics of electronics, computer programming, sensor interfacing, engineering drawing, calculus, and communication skills."
Will I learn to code in ICT?,"Yes, you'll learn programming in languages like C++, Python, Java, and also web development and database systems."
When do ICT students start internships?,"Internships begin from the 4th semester (6 weeks), another in the 6th (6 weeks), and a full-time internship in the 8th semester (6 months)."
What are the different types of internships offered to ICT students at Marwadi University?,"Students have access to 5 types of internships includes Offline campus internships, Online company internships, International internships, Alumni-immersion internships, and Institute-oriented research internships."
What kind of projects do ICT students do?,"Projects focus on real-world problems using IoT, AI, embedded systems, mobile apps, and cloud computing."
Can I build apps during my ICT degree?,"Absolutely! You'll learn Android/iOS and web development, and even work on cross-platform applications."
What job roles can I get after ICT?,"Roles include Software Developer, AI/ML Engineer, Cloud Architect, Data Analyst, Cybersecurity Specialist, and more."
What are the key areas covered in the ICT syllabus?,"Key areas include Machine Learning, Cloud Computing, Embedded Systems, VLSI, Web & Mobile App Development, and Cybersecurity."
Can I do research as an ICT student?,"Yes! Students can participate in funded projects, publish research, and file patents."
What are industry or supported labs available for ICT students?,"ICT students benefit from industry-sponsored labs in areas like Embedded Systems, VLSI, Cloud Computing, and Data Analytics, offering them hands-on exposure to real-world tools and challenges."
Who are some of the international speakers who have guided ICT students?,"Experts include Dr. Iana Gabriel (University of Pitesti, Romania), Dr. Anthony Maciejewski (Colorado State University, USA), and Mr. Niraj Trivedi (Qualcomm, USA), among others."
Do ICT students participate in competitions?,"Yes, students regularly win at state, national, and international competitions in tech, innovation, and sports."
Will I learn AI in the ICT course?,"Yes, Artificial Intelligence and Machine Learning are part of the core and advanced curriculum."
Is ICT focused only on software?,"No, it includes software, hardware, embedded systems, networking, and communication technologies."
What is VLSI in ICT?,"VLSI (Very Large Scale Integration) deals with designing compact, powerful computer chips—vital for electronics and IoT devices."
How does ICT relate to IoT?,"ICT integrates IoT through sensor systems, wireless communication, and data analytics to create smart devices and environments."
Is there a chance to study abroad during ICT?,"Yes, MU has international MoUs for research internships, student exchanges, and global learning experiences."
What kind of labs do ICT students get access to?,"Students have 24x7 access to industry-supported labs for software development, chip design, AI/ML, and embedded systems."
How is placement support provided?,"The university offers technical training, aptitude preparation, mock interviews, and connects with top recruiters."
What competitive achievements have ICT students earned?,"ICT students have won national and state-level awards in Skill India competitions, with awards in web development and electronics. Additionally, they have secured international internships and filed over 65 IPRs."
What companies recruit ICT students?,"Companies like Infosys, TCS, IBM, Wipro, Capgemini, and Tech Mahindra regularly hire ICT graduates."
Are there international students in the ICT department?,"Yes, MU hosts students from over 53 countries, creating a diverse and vibrant campus."
What kind of skills will I gain from an ICT degree?,"You'll gain skills in programming, cloud, networking, AI, data analytics, problem-solving, project design, and communication."
Is ICT good for becoming a data scientist?,"Yes! With strong foundations in data structures, Python, ML, and big data analytics, ICT prepares you well for data science roles."
Does ICT include cybersecurity training?,"Yes, subjects like Information and Web Security, Cloud Security, and Cybersecurity are included in the syllabus."
What programming languages will I learn in ICT?,"You'll learn C++, Python, Java, JavaScript, and .NET, along with database and web technologies."
How does ICT connect to cloud computing?,"ICT covers cloud platforms, architecture, and services plus subjects like Cloud Technical Essentials and Cloud Security."
Will I learn mobile app development in ICT?,"Yes, you’ll build cross-platform mobile applications as part of your coursework."
What is embedded systems design in ICT?,"It's the creation of software that runs on dedicated hardware—used in smart devices, automation, and IoT."
Are soft skills also taught in ICT?,"Yes, communication, presentation, ethics, and professional aptitude are part of the curriculum."
How does the university support innovation?,"Through project-based learning, startup mentoring, IPR support, and national innovation schemes like SSIP."
What is the role of sensors in ICT projects?,"Sensors are used in IoT systems to collect real-time data for automation, control, and analysis."
Will I work with real clients or industries in ICT?,Yes! Projects are often industry-linked and some labs are sponsored by tech companies.
Is AI taught practically or just theory?,"It's both, students learn AI concepts and implement them in real-time applications like image recognition and smart assistants."
Do ICT students work on capstone projects?,"Yes, a full-semester capstone project in 8th semester is required, often based on real-world challenges."
Are there international collaborations in ICT?,"Yes, global MoUs enable student exchange, collaborative projects, and international internships."
How is ICT useful in the defense sector?,"ICT helps in secure communication, AI surveillance, cybersecurity, and smart defense systems."
Does Marwadi University have a good tech infrastructure?,"Yes, it has 24x7 accessible labs, smart classrooms, cloud-enabled platforms, and dedicated innovation centers."
What’s unique about ICT teaching at Marwadi University?,"It emphasizes hands-on learning, continuous assessment, and interdisciplinary project work from day one."
Can I file a patent as an ICT student?,Yes! MU supports students in filing IPRs; over 65 patents have already been filed by students.
"What is the “Learning Pyramid” at ICT, MU?","It's a model that focuses on active learning like projects, discussions, and real-world problem solving are at the core."
Do I get to use AI tools like Python and R in ICT?,"Yes, Python and R are part of data analytics and AI training in the curriculum."
Is there a chance to become a researcher after ICT?,"Definitely. ICT students engage in funded projects, international research internships, and even publish papers."
How is software testing taught in ICT?,Students learn both manual and automated testing methods as part of software development lifecycle training.
Is ICT right for someone who loves both electronics and coding?,"Absolutely! ICT is a perfect blend of hardware and software learning, with areas like IoT and embedded systems."
What’s the difference between ICT and regular Computer Science?,"ICT is broader, it combines computer science with communication, hardware, and applied tech like IoT and cloud."
How much hands-on learning is there in ICT?,A lot! students work on 2 to 3 mini projects per semester plus larger capstone and industry-sponsored projects.
What is VLSI important in ICT?,VLSI (Very Large Scale Integration) is the process of creating microchips with thousands of transistors. ICT students learn this to design modern smart devices.
What is DevOps and do we learn it in ICT?,DevOps is a practice combining software development and IT operations. ICT students learn DevOps tools and cloud deployment strategies.
Will I learn database systems in ICT?,"Yes, Database Management Systems, SQL, and advanced data handling are core components of the course."
Can ICT help me become a full-stack developer?,"Yes! ICT covers both front-end and back-end development, plus database and server integration."
What is covered under Cloud Architecture in ICT?,"Cloud Architecture includes virtualization, distributed systems, SaaS/PaaS/IaaS models, and secure deployment."
Do ICT students get access to research labs?,"Yes, research and industry-supported labs are available 24/7 with access to modern tools and platforms."
Can I specialize in AI or Cybersecurity within ICT?,You can tailor your electives and projects toward these specializations through advanced subjects and labs.
How does ICT support interdisciplinary learning?,Courses like Human-Centered Design and Problem Solving encourage students to blend ICT with other fields.
Are case studies part of the learning in ICT?,"Yes, case studies and real-life applications are used in assessments and classroom activities."
How many Ph.D. faculties are in the ICT department?,"There are 118+ Ph.D. faculty across MU, with strong academic and industry experience in ICT."
What kind of aptitude training is provided in ICT?,"Subjects like Cognitive Aptitude, problem-solving, and verbal reasoning are included for placement preparation."
Are students trained for competitive exams?,"Yes, soft skills, aptitude, coding, and technical interviews are all part of the ICT training system."
Do students work on satellite or high-tech projects?,"Yes, some students have worked on satellite consortium projects and advanced innovations."
What is the role of human-centered design in ICT?,"It teaches students to build tech solutions with user needs, accessibility, and usability at the core."
Is game programming part of the ICT curriculum?,"Yes, game development and VR programming are included as part of elective or specialized modules."
What is an example of a real ICT project?,"Examples include smart home automation, wearable health sensors, or a chatbot using NLP and ML."
Are .NET and Java taught in ICT?,"Yes, you’ll study Java, .NET, and other frameworks for building enterprise-level software solutions."
What is included in Machine Learning Essentials in ICT?,"Topics include supervised/unsupervised learning, Python, data preprocessing, and basic neural networks."
How is Software Testing handled in the course?,"Students are trained in manual testing, unit testing, automation tools, and quality assurance processes."
Are there soft computing subjects in ICT?,"Yes, subjects like Soft Computing, Fuzzy Logic, and Neural Networks are part of the advanced electives."
How is ICT useful for automation careers?,"ICT prepares you for automation through embedded programming, AI, robotics, and industrial control systems."
Can I work in space or satellite systems with ICT?,"Yes, subjects like communication engineering and projects aligned with space-tech can guide you into aerospace tech careers."
Is mobile and pervasive computing covered in ICT?,"Yes, it’s a part of advanced computing where students learn how to build applications that adapt to context and location."
What’s special about the ICT exam pattern?,"The exam system is outcome-based and includes open-book tests, project evaluations, and continuous internal assessments."
Can ICT students work on defense-related technology?,"Yes, ICT skills in AI, communication systems, and cybersecurity are directly applicable in the defense and surveillance sector."
How does ICT help in smart city development?,"ICT contributes to smart cities through IoT networks, sensor-based systems, data analytics, and automation infrastructure."
Are ICT students exposed to drone or robotics technologies?,"Yes, ICT covers embedded systems, microcontrollers, and AI which are core to robotics and drone applications."
What kind of support is available for student startups at MU?,"MU provides mentorship, funding (like ₹2L per project via IEDC), incubation labs, and expert guidance for startup ideas."
Do I need prior coding experience to join ICT?,"No, the course starts from fundamentals and gradually builds your skills in programming and technology."
What is the Alumni Immersion Program in ICT?,It's a mentorship and internship program where alumni guide current students through industry projects and career planning.
Are hackathons part of the ICT learning experience?,"Yes, students frequently participate in university and national-level hackathons to showcase skills and solve real-world challenges."
What’s unique about Marwadi University’s ICT faculty?,"Many faculty members are Ph.D. holders or alumni of top institutions like DAIICT, NIT, and Nirma University."
How does ICT relate to Big Data?,"ICT includes subjects and projects on data mining, Hadoop ecosystems, data lakes, and real-time data processing."
What are the assessment methods used in ICT?,"Assessment includes projects, take-home tests, open-book exams, case studies, presentations, and lab evaluations."
What type of international exposure do ICT students receive?,"Through exchange programs, foreign internships, expert lectures from global institutions, and international competitions."
Can ICT help me get into research-based higher education abroad?,"Yes, your project work, research internships, and paper publications help build a strong academic profile."
How is NLP (Natural Language Processing) taught in ICT?,"NLP is covered under AI, where students learn to create chatbots, translators, and sentiment analysis tools."
What does “interdisciplinary learning” mean in the ICT course?,"It means blending ICT with fields like health tech, agriculture, business, and environmental science to solve diverse problems."
Can I take electives from other engineering branches while in ICT?,"Yes, under the flexible credit system, you can choose electives across disciplines based on your interests."
How does ICT support learning through failure?,"The project-based approach encourages experimentation, learning from mistakes, and iterative improvement—like in real-world scenarios."
What’s the role of alumni in ICT curriculum design?,Alumni feedback helps shape curriculum updates to match evolving industry trends and practical demands.
What are some real ICT innovations by students?,"Projects like AI-powered prosthetics, smart farming solutions, and predictive health monitoring systems have been developed by students."
Is technical documentation part of ICT training?,"Yes, students are taught how to document their code, create user manuals, and write technical reports."
How are community-based projects handled in ICT?,"Students work on projects for NGOs or local communities, applying ICT to solve problems like waste tracking or e-learning tools."
What role do international experts play in ICT education?,"They deliver guest lectures, host workshops, and sometimes collaborate on joint student research and mentorship."
What’s the importance of 5G in the ICT syllabus?,"5G is crucial for future tech—students study its architecture, applications, and impact on IoT and communication systems."
Can ICT students participate in government tech missions?,"Yes, through SSIP, Smart India Hackathon, and startup grants, students contribute to national-level innovation challenges."
Are personality development or life skills taught in ICT?,"Yes, communication, ethics, group dynamics, and leadership are covered to groom students for professional environments."
How early can I start a startup in ICT?,You can start as early as the second year with the support of the university's incubation and mentorship programs.
Can you explain the structure of the ICT program at Marwadi University?,"Sure! The ICT program follows a flexible, credit-based structure with core subjects, electives, interdisciplinary learning, and project-based modules in each semester."
How does Marwadi University help ICT students get industry-ready?,"Students get hands-on with real projects, industry-sponsored labs, soft skill training, and continuous technical workshops throughout their course."
What is unique about the ICT assessment pattern at MU?,"Instead of traditional exams alone, assessments include open-book tests, case studies, project presentations, and real-time problem solving."
Do I get to work with companies during the ICT course?,"Yes, the program includes internships, industry projects, and even alumni mentorship from those working in top tech firms."
Is there a specific semester for long-term internships?,Yes! The 8th semester is entirely reserved for a full-time 6-month internship or industry project.
I’m interested in AI—will ICT help me specialize in that?,"Absolutely. The curriculum includes AI, Machine Learning, Deep Learning, NLP, and practical projects in these domains."
Do ICT students get to interact with global experts?,"Yes, international speakers from Intel, Cisco, Qualcomm, and universities abroad regularly interact with students through talks and sessions."
How does the startup ecosystem work for ICT students?,"Students receive mentoring, government-backed funding (like IEDC ₹2L), and access to the university’s innovation labs."
What does a typical ICT mini project look like?,A mini project could be something like building a smart irrigation system using IoT or a chatbot using Python and NLP.
Can ICT help me work in space or aerospace tech?,"Definitely. Subjects like communication systems, embedded systems, and satellite comms can lead you to careers in space tech."
What’s a real example of an ICT success story?,One group developed a wearable health monitor using IoT and machine learning that attracted startup interest and grant funding.
Is international research possible during the course?,"Yes, students can participate in international internships and collaborative research under MU's MoUs with foreign universities."
I’m not great at math. Can I still do ICT?,You don’t need to be a math genius. The course supports you with applied learning and gradually builds your confidence in math-heavy topics like ML and algorithms.
Do ICT students learn about ethical hacking?,"Yes, ethical hacking and cybersecurity principles are introduced through specialized electives and lab sessions."
Is attendance in labs mandatory?,"Yes, because most of the ICT course is hands-on and lab-intensive, regular participation is essential."
How are real-world problems integrated into the syllabus?,"Every semester includes projects that address real societal needs—like smart energy use, digital healthcare, or AI for agriculture."
Can I combine ICT with business or management interests?,"Yes! The program includes entrepreneurship electives, and you can pursue a tech-startup or product design path with business mentoring."
How do ICT students at MU file patents?,"The university helps you identify innovation, build prototypes, and supports you through the patent filing process under IPR schemes."
What’s an example of a final year ICT capstone project?,A team once built a real-time traffic analysis system using AI and CCTV feeds that helped optimize signal timing.
Are ICT students placed in core tech roles or support roles?,"Mostly core tech roles—students are placed as developers, data analysts, system engineers, AI/ML engineers, and more."
Do I need to know electronics before joining ICT?,Not at all! Basics are covered in the first year to help you grasp electronics and embedded system design comfortably.
What kind of companies recruit from the ICT department?,"Companies like Infosys, TCS, Wipro, IBM, Tech Mahindra, Capgemini, and startups across AI, IoT, and cloud computing domains."
Are internships at MU only in India?,"No, students also get international internships and research placements through the university’s global partnerships."
Is cloud computing covered deeply in ICT?,"Yes, you’ll learn cloud architecture, platforms like AWS/Azure, cloud security, and how to build and deploy cloud apps."
What do students like most about studying ICT at MU?,"They love the flexibility, hands-on learning, real-world projects, and the exposure to tech innovations and global opportunities."
What kind of technologies will I master by the end of the ICT program?,"You'll gain expertise in AI, ML, IoT, Cloud Computing, VLSI, Cybersecurity, Mobile/Web Development, and more."
Can I participate in global coding competitions as an ICT student?,"Absolutely! Students are encouraged to join hackathons, codefests, and even represent MU in international tech events."
How is teamwork encouraged in the ICT program?,"Most projects are collaborative—students work in small teams to solve problems, present ideas, and learn leadership."
What’s the benefit of MU’s flexible credit system in ICT?,It allows you to customize your learning path by choosing subjects that match your career goals or interests.
How are ICT students evaluated apart from exams?,"Evaluations include viva, open-book assessments, case analysis, prototype demos, and peer review."
Is the ICT program suitable for someone who wants to build smart devices?,"Yes! You'll learn embedded systems, IoT integration, and real-time software development for smart devices."
Do ICT students ever work with government-funded innovation projects?,"Yes, through schemes like SSIP and NEW GEN IEDC, students receive funding to develop tech-based solutions."
Can I switch from ICT to a different domain later?,"ICT opens doors to many domains—AI, design, research, entrepreneurship—so even if you shift, your skills stay relevant."
What facilities are there for prototyping and testing my ICT projects?,"MU offers maker labs, embedded labs, cloud access, VLSI design tools, and 24/7 lab access for experimentation."
What kind of peer learning happens in ICT?,"Students engage in study circles, group projects, coding contests, and mentorship from seniors to build strong peer networks."
Are faculty available outside class hours for ICT guidance?,"Yes, faculty are approachable, and many even mentor student research or startup projects personally."
How are leadership and communication skills taught in ICT?,"Through project presentations, group discussions, seminars, and co-curricular activities like tech talks and event organization."
Is there a dress code or professional behavior policy in the department?,"MU promotes a professional learning culture, especially during presentations, interviews, and industry visits."
How are students helped with resume building and LinkedIn profiles?,"Special workshops, expert sessions, and placement support teams help you craft job-ready profiles and resumes."
What kind of career counseling is offered in ICT?,"Dedicated placement officers and academic mentors provide guidance on job paths, further studies, and industry fit."
What kind of IoT projects have ICT students done?,"Examples include smart home lighting systems, wearable fitness trackers, and precision agriculture monitors using sensors."
Can I work on healthcare-related technology in ICT?,"Yes! Students build health tech like posture monitors, fall detectors, and predictive health models using AI and sensors."
How are students trained for interviews and placements?,"Pre-placement training includes coding practice, aptitude tests, mock interviews, and soft skill development sessions."
What do foreign students think about ICT at MU?,"They appreciate the multicultural vibe, interactive faculty, hands-on learning, and career exposure."
What is Colors of Energy?,"It represents the vibrant student life—cultural events, sports, clubs, and innovation fests that fuel campus energy."
Are there opportunities to showcase student work publicly?,"Yes, students present in exhibitions, tech fairs, demo days, and even compete in national startup and innovation contests."
How are cultural and tech activities balanced in ICT life?,"The calendar is designed to support both—academic weeks are followed by celebration events, contests, and student showcases."
Can ICT help me become a CTO or tech entrepreneur?,"With the blend of deep tech skills, innovation support, and business exposure, ICT is a solid path toward leadership roles like CTO."
What is the future scope of ICT as a career?,"The future is vast—ICT professionals are shaping AI, smart systems, digital infrastructure, and the tech economy globally."
Can I start freelancing while studying ICT?,"Yes, many students use their skills in web, app, or AI development to freelance alongside their studies. The university encourages it as long as it doesn’t affect academics."
Are open-source contributions encouraged in ICT?,Definitely! Contributing to open-source projects is seen as great hands-on learning and is supported by faculty and peers.
What are some fun things ICT students do on campus?,"Aside from coding and projects, students join coding clubs, play sports, organize tech fests, and enjoy cultural nights."
What kind of communication skills training do ICT students get?,"Students are trained in technical communication, report writing, presentations, and group discussions from the first year."
What happens if I fail a project or subject in ICT?,"The program supports you with remedial classes, mentorship, and repeat project submissions to help you get back on track."
Can I learn AR/VR technologies in ICT?,"Yes! Advanced electives and student projects often include AR/VR systems development using Unity, sensors, and 3D modeling."
How are final year ICT projects evaluated?,"Evaluation includes demo presentations, viva, external examiner reviews, and a detailed report or prototype submission."
What does “Human-Centered Design” mean in the ICT syllabus?,"It’s an approach that teaches you to design tech that solves real human problems by focusing on usability, empathy, and simplicity."
Are there any scholarships available for ICT students?,"Yes, scholarships are offered based on merit, financial need, and participation in innovation or startup projects."
What is the difference between ICT and CSE (Computer Science Engineering)?,"ICT includes everything in CSE but adds communication tech, IoT, embedded systems, and more interdisciplinary applications."
How do ICT students collaborate with students from other branches?,"Through interdisciplinary projects, innovation fests, and tech clubs where students from civil, mech, and electrical also join in."
What is the “New Gen IEDC” project mentioned in the presentation?,It’s a government initiative that provides ₹2L funding per student startup idea to encourage entrepreneurship.
How are project ideas selected in ICT?,"Students can propose their own ideas or pick challenges suggested by faculty, industries, or social needs."
Is UI/UX design taught in ICT?,"Yes! Interface design, user experience principles, and tools like Figma and Adobe XD are taught in electives and mini projects."
Can I build a game or mobile app and submit it as a final project?,"Absolutely. As long as it meets academic standards and solves a real-world problem, game and app-based projects are encouraged."
How are real-world case studies used in the classroom?,"Students analyze actual tech challenges faced by companies, propose solutions, and sometimes even build prototypes."
Is ICT limited to just computers and electronics?,"No, ICT extends into agriculture, healthcare, education, environment, defense, and even space tech applications."
What are some international institutions linked with Marwadi University?,"MU has MoUs with universities in the USA, Canada, and Europe for student exchange, research, and internships."
How often are guest lectures or expert talks held for ICT?,Very often! Almost every semester features industry and international experts sharing tech trends and career guidance.
Can ICT students publish research papers?,"Yes, students are guided by faculty to publish papers in national and international journals or conferences."
Is learning foreign languages supported in ICT?,"While not in the core syllabus, students can enroll in language training offered by the university’s global cell."
What kind of entrepreneurship support does the university offer?,"MU offers mentoring, incubation labs, funding through SSIP and IEDC, and connects students with startup networks."
How important are coding skills in ICT?,"Very important! Coding is foundational to ICT and is used in AI, app development, cloud, IoT, and virtually every domain."
Are there any ICT-specific festivals or events at MU?,"Yes! Events like TechFest, Hackathons, IoT challenges, and Innovation Day are organized specifically for ICT students."
What are some real outcomes of ICT innovation at MU?,"Students have launched funded startups, built award-winning apps, and filed patents in areas like IoT healthcare and AI chatbots."
Can ICT students participate in international conferences?,Yes! Students are encouraged to submit papers and projects to global conferences and some even receive university support for travel.
How does the ICT department keep up with industry trends?,"The curriculum is regularly updated based on industry feedback, alumni input, and emerging tech like AI, blockchain, and cloud."
Are virtual labs available for ICT students?,"Yes, students get access to cloud-hosted virtual labs for programming, network simulation, and cloud deployment."
Can I do a remote internship while studying ICT?,"Yes, remote internships are accepted, especially during semester breaks or as a parallel learning experience."
What are some social impact projects ICT students have done?,"Projects include a water-saving irrigation app, a smart cane for visually impaired users, and a low-cost health alert system."
Is Android development part of the ICT course?,"Yes, Android app development is included in mobile computing subjects and lab projects."
How does the ICT department support women in tech?,"Through mentorship, leadership programs, women-only hackathons, and access to scholarships and innovation support."
What’s the difference between ICT and IT?,"ICT is broader it includes core IT subjects plus electronics, communication, AI, and real-time systems."
How are ICT labs different from traditional computer labs?,"ICT labs are equipped for AI, VLSI, embedded systems, IoT, and allow 24/7 access for hands-on innovation."
Can I get a government job after completing ICT?,"Yes! ICT graduates are eligible for government roles in IT, electronics, DRDO, ISRO, NIC, and public sector banks."
How is ICT useful in agriculture?,"ICT enables smart farming solutions using sensors, AI-based crop monitoring, and automated irrigation systems."
What are the main programming tools used in ICT projects?,"Python, Java, C++, MATLAB, SQL, JavaScript, and cloud platforms like AWS and Azure are commonly used."
Is internship mandatory for all ICT students?,"Yes, internships are a part of the academic structure and help students gain real-world industry experience."
What kind of mentors do ICT students have?,"Students are guided by faculty mentors, alumni working in industry, and startup mentors from MU’s ecosystem."
Can I combine design thinking with ICT?,Yes! Design thinking is integrated into project work to encourage innovation that truly solves user problems.
What does ICT for everyone means?,"It means ICT prepares students to work in any domain including education, health, industry, finance, or environment by using tech as a tool."
How does ICT help me if I want to be a data analyst?,"You’ll learn data visualization, Python, Excel, data modeling, and machine learning as a key tools for data analytics careers."
What are some companies that sponsor ICT labs at MU?,"Industry partners like Intel, IBM, and local tech firms have supported labs, projects, and internships."
Can ICT lead to a job in fintech or banking?,"Yes! With data analytics, cybersecurity, and programming, ICT grads are well-suited for fintech roles in banks and startups."
Do ICT students build their own websites or portfolios?,"Yes, students are encouraged to build personal websites, GitHub profiles, and online portfolios to showcase their work."
How can I get involved in innovation clubs as an ICT student?,"You can join coding clubs, electronics clubs, or apply to lead innovation cells through faculty or student coordinators."
What kind of smart campus projects do ICT students work on?,"Projects like RFID-based attendance, smart lighting systems, and mobile campus apps are built by ICT students."
What makes the ICT journey at MU exciting?,"The mix of global exposure, hands-on learning, innovation culture, expert guidance, and student-driven energy makes ICT exciting every step of the way."
What is student life like in the ICT department at Marwadi University?,"It’s vibrant and balanced. students engage in academics, innovation, recreation, sports, and cultural activities on a global campus."
Are there students from other countries in ICT?,"Yes! MU has students from over 53 countries, offering a multicultural learning experience and networking opportunities."
What kind of support do international students get in ICT?,"International students get access to accommodation, orientation programs, cultural integration events, and academic assistance."
What kind of hostels does Marwadi University provide for ICT students?,"The hostels are well-equipped with Wi-Fi, common areas, gyms, dining, security, and recreational spaces."
Is the ICT campus at MU smart and tech-enabled?,"Yes, the campus includes smart classrooms, modern ICT labs, digital libraries, and cloud-based academic platforms."
What are some recreational facilities available on campus?,"The campus offers indoor and outdoor sports, fitness centers, student lounges, and spaces for arts and cultural fests."
Do ICT students have access to global talks and workshops?,"Yes, MU hosts global experts and industry leaders from companies like Intel, Cisco, and Qualcomm for tech talks and mentoring."
What makes MU’s ICT campus internationally appealing?,"The global student mix, international MoUs, foreign guest lectures, and globally relevant curriculum make it very appealing."
What types of events are organized for ICT students outside academics?,"MUFESTS,Techfests, sports tournaments, cultural celebrations, coding challenges, and social responsibility drives."
How safe is the ICT campus for students?,"MU provides 24/7 security, CCTV surveillance, and strict safety protocols, especially in hostels and labs."
What achievements have ICT students made outside the classroom?,"They’ve won national awards in innovation, represented MU in sports, filed patents, and launched startups."
How does MU promote a balanced academic and social life?,"Through structured calendars, flexible academics, and regular engagement in events, clubs, and relaxation spaces."
What makes Marwadi University’s ICT experience unique?,"It’s the blend of strong academics, hands-on learning, a startup ecosystem, and diverse student life that stands out."
Are there student clubs specifically for ICT interests?,"Yes, there are coding clubs, electronics and innovation groups, entrepreneurship cells, and ICT-focused teams for events."
Can ICT students access campus facilities 24x7?,"Yes, key ICT labs and common facilities are open around the clock for students working on projects or self-study."
What’s the food like in MU hostels?,"The campus mess offers diverse, nutritious meals with Indian and international options to suit a global student base."
What’s the role of the ICT placement cell?,"The placement cell helps with industry connections, technical training, interview practice, and resume building."
Who are some of the top recruiters for ICT students at MU?,"Infosys, Wipro, IBM, Capgemini, TCS, and many others regularly recruit from ICT through campus drives."
What’s it like being an ICT student during festivals and events?,"It's lively! Students lead stage shows, design tech exhibits, manage events, and showcase their creativity and tech passion during CONFIDENCE EVENT."
What makes the ICT department's placement process successful?,"MU’s ICT department has dedicated placement support, strong industry ties, skill-building workshops, and a proven record with top recruiters."
Are there any international companies that recruit ICT students?,"Yes, while most are top Indian tech firms, several multinational corporations and global startups also scout MU ICT talent."
How are students prepared for technical interviews?,"Through aptitude tests, live coding practice, mock interviews, domain-specific prep, and group discussions."
What are some soft skills ICT students are trained in?,"Communication, public speaking, team collaboration, problem-solving, email etiquette, and client handling."
How does ICT contribute to MU’s diversity and recognition?,"ICT attracts talent from across India and abroad, contributing to MU’s identity as a diverse, globally aware university."
What is the student-to-faculty ratio like in ICT?,"The ratio ensures personal mentoring, with many faculty holding Ph.D.s and coming from institutions like NIT and DAIICT."
Do ICT students get mentoring from alumni?,"Yes, alumni regularly return to guide students through workshops, mock sessions, and even internship opportunities."
How do students balance fun and academics at MU?,"The university promotes balance through structured schedules, event breaks, and recreation zones built right into the campus."
What achievements are students most proud of?,"Patents filed, national hackathon wins, successful startups, high placement offers, and innovation funding received."
Are there any student-led ICT innovation teams?,"Yes! Students lead teams for innovation labs, project expos, and participate in national showcases under MU’s banner."
How does MU support personal growth beyond tech?,"Clubs for music, dance, drama, literature, and social service let students grow emotionally, creatively, and socially."
What’s a typical day like for an ICT student at MU?,"Morning classes, afternoon labs or projects, evening club meets or sports, and late-night coding or team hangouts."
Are female students in ICT given special support?,"Yes, there's mentorship, safety protocols, leadership encouragement, and participation in women-in-tech initiatives."
How do international students adjust to life at MU?,"MU provides orientation programs, cultural events, peer buddies, and food/menu accommodations for global comfort."
Are there opportunities for part-time work or TA roles?,"Top-performing students may assist faculty in labs or help juniors, gaining teaching or mentorship experience."
What values are promoted in the ICT department culture?,"Innovation, collaboration, integrity, inclusiveness, and global readiness are core to the department’s ethos."
Are there annual awards for top-performing ICT students?,"Yes, awards are given for academic excellence, best projects, innovation leaders, and campus changemakers."
How do students document their achievements?,"Through portfolios, GitHub profiles, LinkedIn resumes, and innovation presentations supported by the placement team."
What’s the vibe of cultural events like Navratri or Diwali at MU?,"They’re grand and student-led with dance, food fests, traditional wear, music, and cross-cultural participation."
What types of innovation challenges does ICT host?,"IoT hackathons, AI-based problem-solving, smart city design contests, and green tech innovation sprints."
Are there sports facilities near the ICT block?,"With demo days, tech fairs, spotlight sessions, and publications highlighting student innovations and success stories."
How does MU celebrate tech talent among students?,"You get cutting-edge labs, freedom to innovate, personalized mentoring, and connections with global academia and industry."
What advice do seniors give to incoming ICT students?,"“Be curious, get involved early, build projects, find your niche, and enjoy the journey, it’s more than just lectures.”"
What unique teaching methods are followed in the ICT department?,"The department uses project-based learning, open-book tests, take-home assessments, continuous evaluation, and real-case studies to ensure students gain practical, industry-ready skills."
What is the scope of ICT in government sectors or defence?,"ICT engineers are crucial in national defence and government systems, working on secure communication systems, cyber defense, surveillance technologies, and embedded military systems."
How does Marwadi University encourage innovation in ICT students?,"The ICT department promotes innovation through mini-projects, hackathons, startup guidance, IPR (patent) training, and research-based internships, often encouraging students to file patents under initiatives like CPSI and HCD subjects."
What is the Learning Pyramid concept in ICT at MU?,"The Learning Pyramid at MU emphasizes “learning by doing,” where students retain more by engaging in projects, discussions, teaching others, and solving real problems, rather than just passive lectures."
What kind of achievements do ICT students have in entrepreneurship?,"ICT students have launched startups through support from SSIP, New Gen IEDC, and the university’s ecosystem. Some projects even received ₹2 lakhs funding for prototyping and development."
What is the highest placement package for ICT students at Marwadi University?,"The highest placement package for ICT students at Marwadi University has gone up to 18 LPA (Lakhs Per Annum), reflecting excellent industry connections and placement support."
Are there any special Saturday activities for ICT students?,"Yes! ICT Department hosts co-curricular and extracurricular activities on Saturday to boost creativity, teamwork, innovation, and fun beyond regular classes."
How does MU support startups in ICT?,"Through SSIP, NewGen IEDC, industry mentors, and incubation spaces, MU helps students transform ideas into funded startups , many have already received ₹2 lakh+ support."
What does a career path look like for an ICT engineer?,"ICT graduates can begin as software developers or hardware engineers and transition into roles like AI/ML specialists, network engineers, IoT developers, or cybersecurity analysts, with potential to become CTOs or tech entrepreneurs."
Does ICT department has clubs?,"yes, ICT students can join clubs such as Dta science clubs, coding club, robotics clubs and many more which are part of ICT department. They can also join campus clubs like cultural clubs, drama, music, Entrepreneurship Cell and many more."
Are there leadership roles available for ICT students in these clubs?,"Yes, students can become club presidents, event coordinators, technical leads, or mentors  helping them build confidence, teamwork, and organizational skills."
How do ICT clubs support innovation and tech skills?,"Technical clubs regularly host hackathons, coding competitions, project showcases, and tech-talk sessions. This gives students a platform to experiment, collaborate, and innovate outside the classroom."
Can students start their own clubs at MU?,Absolutely! Marwadi University encourages students to propose and launch their own interest-based clubs with proper mentorship and support from faculty.
What are some achievements of ICT students through clubs?,"ICT students have won prizes in national competitions like Skill India, participated in innovation contests, organized tech events, and even published startup ideas through club collaborations."
Is there any official recognition or rewards for active club members?,"Yes! Active members and leaders of clubs often receive certificates, recommendation letters, and in some cases, credits or rewards during university events."
Do clubs help with placements or networking?,"Yes! Clubs often host alumni sessions, connect students to industry experts, and help build portfolios, soft skills, and confidence needed in interviews."
How can ICT students contribute to college events?,"Students can join organizing teams, volunteer for tech fests, mentor juniors, design promo content, or lead club events by gaining hands-on leadership experience."
Who is leading the Women in Engineering (WIE) team?,The WIE Chair is Dhruvi Kothari. She's actively empowering women in STEM through various initiatives at Marwadi University.
Is there a club focused on Data Science at MU?,"Definitely! The Data Science Club, led by Kush Jadav, dives into data visualization, Python, and machine learning."